<?xml version="1.0" encoding="UTF-8"?>
<addon id="plugin.video.example"
version="2.4.0"
name="Tamil Movies"
provider-name="Roman_V_M">
<requires>
  <import addon="xbmc.python" version="3.0.0"/>
  <import addon="script.module.requests"/>
  <import addon="script.module.beautifulsoup4"/>
</requires>
<extension point="xbmc.python.pluginsource" library="main.py">
  <provides>video</provides>
</extension>
<extension point="xbmc.addon.metadata">
  <summary lang="en">Tamil Movies</summary>
  <description lang="en_GB">Tamil new and latest movies</description>
  <disclaimer lang="en_GB">Free Tamil movies scraped from the internet</disclaimer>
  <assets>
    <icon>icon.png</icon>
    <fanart>fanart.jpg</fanart>
    <screenshot>resources\screenshot-01.jpg</screenshot>
    <screenshot>resources\screenshot-02.jpg</screenshot>
    <screenshot>resources\screenshot-03.jpg</screenshot>    
  </assets>
  <news>Updated with latest artwork metadata</news>
</extension>
</addon>
